Date,URL,Likes,Comments,Shares,Content
2020-03-09T02:54:49+0000,https://www.facebook.com/groups/202967334122272/209917060093966,5,1,0,"VOV.VN -TrÆ°a nay (7/3), bá»‡nh nhÃ¢n Ä‘Æ°á»£c chuyá»ƒn Ä‘áº¿n khu cÃ¡ch ly khoa truyá»n nhiá»…m, bá»‡nh viá»‡n Ä‘a khoa tá»‰nh Ninh BÃ¬nh Ä‘á»ƒ theo dÃµi vÃ  Ä‘iá»u trá»‹.
15h00 ngÃ y 7/3, Viá»‡n Vá»‡ sinh Dá»‹ch tá»… Trung Æ°Æ¡ng, thÃ´ng bÃ¡o káº¿t quáº£ xÃ©t nghiá»‡m dÆ°Æ¡ng tÃ­nh Covid-19 Ä‘á»‘i vá»›i bá»‡nh nhÃ¢n N.V.T, 27 tuá»•i, quÃª ThÃ¡i BÃ¬nh, Ä‘áº¿n Daegu ngÃ y 17/2/2020, trá»Ÿ vá» Viá»‡t Nam trÃªn chuyáº¿n bay VJ981 tá»« Busan (HÃ n Quá»‘c) Ä‘áº¿n VÃ¢n Äá»“n (Quáº£ng Ninh) ngÃ y 4/3/2020.
Sau khi nháº­p cáº£nh Viá»‡t Nam, bá»‡nh nhÃ¢n Ä‘Ã£ Ä‘Æ°á»£c cÃ¡ch ly táº­p trung, Ä‘Æ°á»£c láº¥y máº«u xÃ©t nghiá»‡m vÃ  phÃ¡t hiá»‡n dÆ°Æ¡ng tÃ­nh vá»›i SARS-CoV-2. Hiá»‡n nay, Ban chá»‰ Ä‘áº¡o phÃ²ng chá»‘ng dá»‹ch bá»‡nh Covid-19 Ä‘ang triá»ƒn khai cÃ¡c biá»‡n phÃ¡p kiá»ƒm soÃ¡t, ngÄƒn ngá»«a dá»‹ch bá»‡nh. ÄÃ¢y lÃ  ca bá»‡nh thá»© 18 trÃªn cáº£ nÆ°á»›c tÃ­nh Ä‘áº¿n thá»i Ä‘iá»ƒm nÃ y."
2020-03-09T02:52:11+0000,https://www.facebook.com/groups/202967334122272/210609213358084,4,2,0,"SÃ¡t khuáº©n, khá»­ trÃ¹ng  táº¡i Chi.na 

Dá»‹ch viÃªm phá»•i cáº¥p chá»§ng má»›i #Chinacoronavirus #WuHan #Covid19 Ä‘ang hoÃ nh hÃ nh á»Ÿ V.Å© HÃ¡.n vÃ  Tá»‰nh Há»“ Báº¯c Tru.ng Quá»‘.c

CÃ¡c khu vá»±c bá»‹ áº£nh hÆ°á»Ÿng Ä‘Ã£ thá»±c hiá»‡n cÃ¡c lá»‡nh Ä‘Ã³ng cá»­a nghiÃªm ngáº·t nháº¥t.

#ChinaWuHancoronavirus
#virusCorona
#WuHanCoronavirus
#Wuhan 
#wuhanvirus
#PRC
#ChineseNewYear
#Coronavirus
#VÅ©HÃ¡n
#ChinaTQ
#VietNamVN
#Goyang
#HanQuoc
#TaiWan"
2020-03-09T02:50:05+0000,https://www.facebook.com/groups/202967334122272/210592973359708,9,1,0,"Tuyá»‡t vÆ¡Ì€i, má»™t nhÃ  bÃ¡o chÃ¢n chiÌnh âœŒ"
2020-03-09T02:47:38+0000,https://www.facebook.com/groups/202967334122272/210624043356601,0,0,0,"á»§ng há»™ kÃªnh lisa pháº¡m váº¥n Ä‘Ã¡p nhe bÃ  con!"
2020-03-09T02:42:08+0000,https://www.facebook.com/groups/202967334122272/210645846687754,0,0,0,
2020-03-09T02:27:15+0000,https://www.facebook.com/groups/202967334122272/210562756696063,21,1,2,"Haizz...chÃ¡n ngÃ¡n."
2020-03-09T02:12:51+0000,https://www.facebook.com/groups/202967334122272/210625100023162,3,0,0,
2020-03-09T02:08:33+0000,https://www.facebook.com/groups/202967334122272/210402603378745,2,2,1,
2020-03-09T01:57:31+0000,https://www.facebook.com/groups/202967334122272/210617273357278,10,0,2,
2020-03-09T01:57:13+0000,https://www.facebook.com/groups/202967334122272/210444726707866,6,2,5,"CÃ¡c chuyÃªn gia cá»§a WHO Ä‘Ã£ Ä‘áº¿n Tr.ung Quá»‘.c Ä‘á»ƒ kiá»ƒm tra tÃ¬nh hÃ¬nh dá»‹ch bá»‡nh #ChinaWuHanCoronavirus . CÃ¡c chuyÃªn gia Ä‘Ã£ thÃ¢n máº­t vÃ  láº¯ng nghe bÃ¡o cÃ¡o vá» dá»‹ch bá»‡nh cá»§a Tru.ng Qu.á»‘c. 
 ÄÃ¢y lÃ  má»™t sá»± kiá»‡n cÃ´ng cá»™ng vÃ o ban ngÃ y. Cháº¿ Ä‘á»™ C.á»™ng s.áº£n sáº½ giáº£i trÃ­ há» vÃ o ban Ä‘Ãªm nhÆ° tháº¿ nÃ o? 

ğŸ‘‰ Dá»‹ch viÃªm phá»•i cáº¥p chá»§ng má»›i #Chinacoronavirus #WuHan #Covid19 Ä‘ang hoÃ nh hÃ nh á»Ÿ V.Å© HÃ¡.n vÃ  Tá»‰nh Há»“ Báº¯c Tru.ng Quá»‘.c

CÃ¡c khu vá»±c bá»‹ áº£nh hÆ°á»Ÿng Ä‘Ã£ thá»±c hiá»‡n cÃ¡c lá»‡nh Ä‘Ã³ng cá»­a nghiÃªm ngáº·t nháº¥t.

#ChinaWuHancoronavirus
#virusCorona
#WuHanCoronavirus
#Wuhan 
#wuhanvirus
#PRC
#ChineseNewYear
#Coronavirus
#VÅ©HÃ¡n
#ChinaTQ
#VietNamVN
#Goyang
#HanQuoc
#TaiWan"
2020-03-09T01:37:39+0000,https://www.facebook.com/groups/202967334122272/210059380079734,37,3,6,ğŸ˜‚ğŸ¤£
2020-03-09T01:31:43+0000,https://www.facebook.com/groups/202967334122272/210619666690372,4,0,0,"Virus Corona hÃ´m nay- 09.03.2020, cáº­p nháº­t lÃºc 7g30 :

Â· **VIá»†T NAM CÃ“ CA THÃŠM 10 CA Má»šI. Tá»”NG Cá»˜NG : 30 CA.**

Â· **Sá»‘ quá»‘c gia cÃ³ ngÆ°á»i nhiá»…m** : 105 quá»‘c gia- vÃ¹ng lÃ£nh thá»• **TÆ¯Æ NG ÄÆ¯Æ NG 53% QUá»C GIA TRÃŠN THáº¾ GIá»šI** cÃ³ ngÆ°á»i bá»‹ nhiá»…m, tÄƒng thÃªm 02 quá»‘c gia so vá»›i hÃ´m qua (Gibraltar vÃ  Bangdalesh).

Â· **Sá»‘ ngÆ°á»i nhiá»…m** : **109.967 ngÆ°á»i, tÄƒng 3.902 ca # 3,68% so vá»›i hÃ´m qua**. Trung quá»‘c cÃ³ 39 ca nhiá»…m má»›i, pháº§n cÃ²n láº¡i cá»§a tháº¿ giá»›i chiáº¿m gáº§n 99,9% sá»‘ ca nhiá»…m hÃ´m nay(!).

Â· **CÃ¡c nÆ°á»›c cÃ³ tá»« 1.000 ca nhiá»…m trá»Ÿ lÃªn** : Ä‘Ã£ tÄƒng 50% lÃªn má»©c 06 quá»‘c gia, so vá»›i hÃ´m qua (04 quá»‘c gia) :

1/ Trung quá»‘c : 80.734 ca, 2/ Italia : 7.375 ca (**tÄƒng 1.492 ca),** 2/ HÃ n quá»‘c : 7.313 ca (**tÄƒng 272),** 4/ Iran : 6.566 ca (**tÄƒng 743 ca), **5/ PhÃ¡p :** **1.209 **(tÄƒng 260 ca), **6/ Äá»©c : 1.040** (tÄƒng 240 ca).**

Â· **CÃ¡c nÆ°á»›c cÃ³ tá»« 500~ dÆ°á»›i 1.000 ca nhiá»…m trá»Ÿ lÃªn** váº«n giá»¯ má»©c 04 quá»‘c gia, so vá»›i hÃ´m qua :

1/ tÃ u Diamond Princess : 696 ca **(0)**, 2/ TÃ¢y Ban Nha : 674** **ca** (tÄƒng 149 ca), **3/** **Hoa Ká»³ : 538** (tÄƒng 103 ca), **4/ Nháº­t Báº£n :**502 (tÄƒng 41 ca)**.

Â· **CÃ¡c nÆ°á»›c cÃ³ tá»« 100~ dÆ°á»›i 500 ca nhiá»…m trá»Ÿ lÃªn** giáº£m 01 quá»‘c gia, cÃ²n 09 so vá»›i hÃ´m qua :

01/ Thá»¥y SÄ© : 337 ca** (tÄƒng 69)**, 042 Anh Quá»‘c : 273 ca **(tÄƒng 64), **03/ HÃ  Lan : 265 ca **(tÄƒng 77)**,  04/ Thá»¥y Äiá»ƒn : 203 ca **(tÄƒng 42), **05/ Bá»‰ : 200 ca **(tÄƒng 31 ca**), 06/ Na Uy : 176 ca **(tÄƒng 20)**, 07/ Singapore : 150 ca **(tÄƒng 12), **08/ HongKong : 115 ca **(tÄƒng 07**), 09/ Ão : 104 ca **(tÄƒng 23)**.

Â· **Sá»‘ tá»­ vong** : 3.827 ca, tÄƒng 229 ngÆ°á»i.(Trung quá»‘c : 22 ca, pháº§n cÃ²n láº¡i cá»§a tháº¿ giá»›i cÃ³ 206 ca tá»­ vong, bao gá»“m :**133 NGÆ¯á»œI ITALIA, 49 NGÆ¯á»œI IRAN, 07 NGÆ¯á»œI TÃ‚Y BAN NHA, , 03 NGÆ¯á»œI Má»¸, 03 NGÆ¯á»œI PHÃP, 02 NGÆ¯á»œI KOREA, 02 NGÆ¯á»œI HÃ€ LAN, 02 NGÆ¯á»œI IRAQ, THá»¤Y SÄ¨, HONGKONG, NHáº¬T Báº¢N, ANH VÃ€ AI Cáº¬P Má»–I NÆ¯á»šC 01 NGÆ¯á»œI**. â€“ tÄƒng 268% so vá»›i hÃ´m qua).

Â· **Sá»‘ 08 nÆ°á»›c cÃ³ ca tá»­ vong nhiá»u nháº¥t : 1/ Trung Quá»‘c** : 3.119 ca, **2/ Italia** : 366 ca,  **3/ Iran** : 194 ca, **4/ Korea** : 50 ca, **5/ Hoa Ká»³**: 22 ca, **6/ PhÃ¡p** : 19 ca,  **7/ TÃ¢y Ban Nha** : 17 ca, **8/ TÃ u Diamond Princess** : 07 ca, **9/ Japan** : 07 ca, **10/ Iraq : 06 ca, 11/ Australia : **03 ca, **12/ Anh :** 03, **13/ HÃ  Lan**: 03, **14/ Hongkong** : 03 â€¦.91 quá»‘c gia-vÃ¹ng lÃ£nh thá»• cÃ²n láº¡i chá»‰ tá»« 1 Ä‘áº¿n 2 ca hoáº·c chÆ°a cÃ³ ca tá»­ vong nÃ o.

Â· **Tá»· lá»‡ tá»­ vong trÃªn sá»‘ ca nhiá»…m** : lÃ  3,48%, tá»· lá»‡ tá»­ vong xáº¥p xá»‰ 3,5% Ä‘Ã£ duy trÃ¬ tá»« 17 ngÃ y nay thay vÃ¬ má»©c 2% bÃ­ áº©n tá»« Ä‘áº§u dá»‹ch.

Â· **Tá»· lá»‡ cÃ¡c ca trong tÃ¬nh tráº¡ng nghiÃªm trá»ng hay nguy ká»‹ch : **6.129 ca tÆ°Æ¡ng Ä‘Æ°Æ¡ng 14%."
2020-03-09T01:05:07+0000,https://www.facebook.com/groups/202967334122272/210610540024618,6,0,1,"#ChinaWuHancoronavirus
#virusCorona
#WuHanCoronavirus
#Wuhan 
#wuhanvirus
#PRC
#ChineseNewYear
#Coronavirus
#VÅ©HÃ¡n
#ChinaTQ
#VietNamVN
#Goyang
#HanQuoc
#TaiWan"
2020-03-09T01:00:38+0000,https://www.facebook.com/groups/202967334122272/210125336739805,24,4,0,
2020-03-09T00:44:29+0000,https://www.facebook.com/groups/202967334122272/210600280025644,0,0,0,
2020-03-09T00:33:44+0000,https://www.facebook.com/groups/202967334122272/210600340025638,2,0,1,"Chi.na : Tá»­ thi...

Dá»‹ch viÃªm phá»•i cáº¥p chá»§ng má»›i #Chinacoronavirus #WuHan #Covid19 Ä‘ang hoÃ nh hÃ nh á»Ÿ V.Å© HÃ¡.n vÃ  Tá»‰nh Há»“ Báº¯c Tru.ng Quá»‘.c

CÃ¡c khu vá»±c bá»‹ áº£nh hÆ°á»Ÿng Ä‘Ã£ thá»±c hiá»‡n cÃ¡c lá»‡nh Ä‘Ã³ng cá»­a nghiÃªm ngáº·t nháº¥t.

#ChinaWuHancoronavirus
#virusCorona
#WuHanCoronavirus
#Wuhan 
#wuhanvirus
#PRC
#ChineseNewYear
#Coronavirus
#VÅ©HÃ¡n
#ChinaTQ
#VietNamVN
#Goyang
#HanQuoc
#TaiWan"
2020-03-09T00:31:53+0000,https://www.facebook.com/groups/202967334122272/210599546692384,2,0,0,"Chin.a : 08.03.2020  16:51 
CÃ´ng ty TNHH cÃ´ng nghá»‡ quang Ä‘iá»‡n ThÆ°á»ng ChÃ¢u ( Ä‘Ã¡m chÃ¡y bÃ¹ng phÃ¡t ) nguyÃªn nhÃ¢n Ä‘ang Ä‘Æ°á»£c Ä‘iá»u tra lÃ m rÃµ  

(#ChinaWuHancorona  + MÃ¡y bay quÃ¢n sá»± Ä‘Ã£ bá»‹ rÆ¡i + ChÃ¡y bÃ¹ng phÃ¡t liÃªn tá»¥c . Canh TÃ½ Con chuá»™t nÄƒm nay  quÃ¡ dá»¯ ) 

Dá»‹ch viÃªm phá»•i cáº¥p chá»§ng má»›i #Chinacoronavirus #WuHan #Covid19 Ä‘ang hoÃ nh hÃ nh á»Ÿ V.Å© HÃ¡.n vÃ  Tá»‰nh Há»“ Báº¯c Tru.ng Quá»‘.c

CÃ¡c khu vá»±c bá»‹ áº£nh hÆ°á»Ÿng Ä‘Ã£ thá»±c hiá»‡n cÃ¡c lá»‡nh Ä‘Ã³ng cá»­a nghiÃªm ngáº·t nháº¥t.

#ChinaWuHancoronavirus
#virusCorona
#WuHanCoronavirus
#Wuhan 
#wuhanvirus
#PRC
#ChineseNewYear
#Coronavirus
#VÅ©HÃ¡n
#ChinaTQ
#VietNamVN
#Goyang
#HanQuoc
#TaiWan"
2020-03-09T00:11:52+0000,https://www.facebook.com/groups/202967334122272/210577676694571,5,0,1,"CHáº¾T Bá»I Äáº¢NG VIÃŠN CÃ“ LÃ LUáº¬N

Trong buá»•i há»p ngÃ y hÃ´m qua táº¡i thÃ nh phá»‘ HÃ  Ná»™i, Nguyá»…n Äá»©c Chung chá»§ tá»‹ch HÃ  Ná»™i Ä‘Ã£ nÃ³i rÃµ tÃªn Nguyá»…n Quang Thuáº¥n lÃ  káº» cÃ³ nguy cÆ¡ lÃ¢y nhiá»…m dá»‹ch bá»‡nh cao nháº¥t.

   Thuáº¥n lÃ  má»™t GiÃ¡o sÆ° Ä‘áº£ng, phÃ³ chá»§ tá»‹ch há»™i Ä‘á»“ng lÃ½ luáº­n trung Æ°Æ¡ng, má»™t tiáº¿n sá»¹ kinh táº¿ lÃ  thÃ nh viÃªn tá»• tÆ° váº¥n chÃ­nh phá»§. 

 Viá»‡c dÆ° luáº­n táº­p trung chá»‰ trÃ­ch cÃ´ Nhung vÃ  Ä‘Æ°a ra nhá»¯ng lÃ½ láº½ abc Ä‘á»ƒ cho ráº±ng cÃ´ ta trá»±c tiáº¿p gÃ¢y hoáº¡ cho nhiá»u ngÆ°á»i. NhÆ°ng, sá»‘ ngÆ°á»i cÃ´ ta tiáº¿p xÃºc khi trá»Ÿ vá» lÃ  khÃ´ng quÃ¡ 5 ngÆ°á»i.

   NhÆ°ng, cháº³ng ai Ä‘á»ƒ Ã½ gÃ¬ tay lÃ½ luáº­n trung Æ°Æ¡ng nÃ y má»›i lÃ  nguá»“n cÆ¡n lÃ¢y nhiá»…m cao nháº¥t, theo lá»i cá»§a chá»§ tá»‹ch Chung, Ã´ng ta trá»±c tiáº¿p tiáº¿p xÃºc vá»›i 96 ngÆ°á»i, nghe Ä‘Ã¢u cÃ³ hÆ¡n 150 ngÆ°á»i giÃ¡n tiáº¿p. CÃ³ nhá»¯ng triá»‡u chá»©ng mÃ  váº«n Ä‘i Äƒn chÆ¡i trÃ¡c tÃ¡ng, Ä‘Ã n Ä‘Ãºm, khÃ´ng loáº¡i trá»« chÃ­nh lá»‘i sá»‘ng phÃ¨ phá»¡n áº¥y Ä‘Ã£ tá»± y rÆ°á»›c bá»‡nh vÃ o ngÆ°á»i (cÃ³ thá»ƒ tiáº¿p xÃºc vá»›i gÃ¡i máº¡i dÃ¢m á»Ÿ ChÃ¢u Ã‚u).

    Phá»‘ TrÃºc Báº¡ch mÃ  má»i ngÆ°á»i tháº¥y dÃ¢n thÃ¡o cháº¡y trong Ä‘Ãªm lÃ  chÃ­nh y cÅ©ng gÃ³p pháº§n trong Ä‘Ã³ chá»© khÃ´ng riÃªng gÃ¬ cÃ´ Nhung.

VÃ  má»›i nghe, cÃ³ má»™t quan chá»©c cao cáº¥p trong chuyáº¿n bay áº¥y nghi lÃ  dÆ°Æ¡ng tÃ­nh, cÃ³ bá»‘ vá»«a máº¥t, y chá»§ trÃ¬ tang lá»… Ä‘Ã£ gáº·p vÃ  báº¯t tay hÃ ng ngÃ n ngÆ°á»i tá»« quan chá»©c cáº¥p cao tá»›i háº¡ng tháº¥p.

 NghÄ©a lÃ , á»Ÿ VN nhá»¯ng káº» Ä‘áº£ng viÃªn tá»± cho mÃ¬nh lÃ  loÃ i thÆ°á»£ng Ä‘áº³ng, nghÄ© lÃ  Ä‘áº£ng viÃªn cháº³ng thá»ƒ nÃ o con VÅ© HÃ¡n Virus táº¥n cÃ´ng Ä‘Ã¢u mÃ  Ä‘Ã£ gÃ¢y há»a biáº¿t bao nhiÃªu ngÆ°á»i. Chá»‰ Ä‘áº£ng viÃªn má»›i tá»± cho mÃ¬nh cÃ¡i lá»‘i sá»‘ng buÃ´ng tháº£, bá»‡ ráº¡c, báº§y Ä‘Ã n, nghÄ© lÃ  Ä‘áº§y báº±ng cáº¥p cÃ³ Ã½ thá»©c cao, tháº¿ mÃ  Ã½ thá»©c cá»™ng Ä‘á»“ng, tinh tháº§n tá»± giÃ¡c cÃ²n thua cÃ´ Trang cÃ´ng nhÃ¢n á»Ÿ Thanh HoÃ¡ (tá»± cÃ¡ch ly khi Ä‘i tá»« vÃ¹ng dá»‹ch vá»). Äáº£ng viÃªn ngá»™ ghÃª!

NhÃ¬n Iran quan chá»©c cao cáº¥p cháº¿t nhÆ° ráº¡, liá»‡u hÃ ng trÄƒm hÃ ng ngÃ n ngÆ°á»i tiáº¿p xÃºc vá»›i cÃ¡c loÃ i thÆ°á»£ng Ä‘áº³ng áº¥y, mai nÃ y ai cÃ²n ai máº¥t?

  DÃ¢n thÆ°á»ng ai mÃ  gÃ¢y hoáº¡ lá»›n nhÆ° loÃ i thÆ°á»£ng Ä‘áº³ng áº¥y Ä‘Ã¢u?

https://www.facebook.com/100025474742676/posts/570165363842617/?d=n"
2020-03-09T00:10:59+0000,https://www.facebook.com/groups/202967334122272/210591160026556,2,0,0,"Chi.na : NgÆ°á»i dÃ¢n T.rung Q.uá»‘c xuá»‘ng Ä‘Æ°á»ng  Doanh nhÃ¢n Qu.áº£ng Ch.Ã¢u dáº«n Ä‘áº§u ngÆ°á»i dÃ¢n Trun.g Quá»‘.c trÃªn Ä‘Æ°á»ng
ğŸ‘‰ BÃ¹ng phÃ¡t nÃ y cÃ³ bá»‹ Ä.C.S.T.Q Ä‘Ã n Ã¡p dáº­p táº¯t  ? 

Dá»‹ch viÃªm phá»•i cáº¥p chá»§ng má»›i #Chinacoronavirus #WuHan #Covid19 Ä‘ang hoÃ nh hÃ nh á»Ÿ V.Å© HÃ¡.n vÃ  Tá»‰nh Há»“ Báº¯c Tru.ng Quá»‘.c

CÃ¡c khu vá»±c bá»‹ áº£nh hÆ°á»Ÿng Ä‘Ã£ thá»±c hiá»‡n cÃ¡c lá»‡nh Ä‘Ã³ng cá»­a nghiÃªm ngáº·t nháº¥t.

#ChinaWuHancoronavirus
#virusCorona
#WuHanCoronavirus
#Wuhan 
#wuhanvirus
#PRC
#ChineseNewYear
#Coronavirus
#VÅ©HÃ¡n
#ChinaTQ
#VietNamVN
#Goyang
#HanQuoc
#TaiWan"
2020-03-08T22:21:55+0000,https://www.facebook.com/groups/202967334122272/210346096717729,1,1,1,"18 khÃ´ng tá»•n thÆ°Æ¡ng, váº­y lÃ  17,19, 20,21 ..tá»•n thÆ°Æ¡ng phá»•i ????? Chá»¥p hÃ¬nh phá»•i thÃ¬ Ä‘Ã¢u cÃ³ bao lÃ¢u, Ä‘Ãºng khÃ´ng???"
2020-03-08T22:07:03+0000,https://www.facebook.com/groups/202967334122272/210521610033511,11,1,3,"GIáº¢I Máº¬T LÃ DO VIá»†T Cá»˜NG CHE GIáº¤U THÃ‚N PHáº¬N CÃ” NHUNG Máº®C Dá»ŠCH CÃšM TÃ€U ?

Khi cÃ´ Nguyá»…n Há»“ng Nhung bá»‹ xÃ©t nghiá»‡m dÆ°Æ¡ng tÃ­nh thÃ¬ Viá»‡t cá»™ng tung tin cÃ´ nÃ y lÃ  con cá»§a má»™t vá»‹ lÃ£nh Ä‘áº¡o cá»§a thÃ©p Viá»‡t Nhá»±t cÃ³ tÃªn lÃ  Nguyá»…n Kháº¯c ThÃ nh. NhÆ°ng sau Ä‘Ã³ phÃ­a thÃ©p Viá»‡t Nhá»±t Ä‘Ã£ bÃ¡c bá» thÃ´ng tin nÃ y.

Khi bá»‹nh tÃ¬nh cá»§a cÃ´ Nguyá»…n Há»“ng Nhung khÃ´ng thá»ƒ che giáº¥u Ä‘Æ°á»£c thÃ¬ Viá»‡t cá»™ng chuyá»ƒn sang che giáº¥u cho Nguyá»…n ChÃ­ DÅ©ng, káº» Ä‘Ã£ cÃ¹ng báº§u Ä‘oÃ n thÃª tá»­ ngá»“i chung khoang thÆ°Æ¡ng gia vá»›i Nguyá»…n Há»“ng Nhung vÃ  sau Ä‘Ã³ Ä‘Ã£ tiáº¿p xÃºc vá»›i phÃ¡i Ä‘oÃ n USABC cá»§a Má»¹ vÃ o ngÃ y 04/3, tá»©c sau 02 ngÃ y tá»« LuÃ¢n ÄÃ´n vá» tá»›i Ná»™i BÃ i.

TrÆ°á»›c nhá»¯ng thÃ´ng tin há»—n mang trÃªn, khÃ´ng Ã­t ngÆ°á»i thiÃªn vá» thuyáº¿t Ã¢m mÆ°u (trong Ä‘Ã³ cÃ³ tui) vá»›i nháº­n xÃ©t Viá»‡t cá»™ng diá»…n tuá»“ng Ä‘á»ƒ hÃ­t dollar Má»¹, Ä‘á»ƒ trÃ¡nh tiáº¿p cÃ¡c Ä‘oÃ n y táº¿ tá»« cÃ¡c quá»‘c gia tá»›i Viá»‡t Nam há»c há»i kinh nghiá»‡m dáº­p dá»‹ch theo quáº£ng cÃ¡o cá»§a WHO, Ä‘á»ƒ chÄ©a mÅ©i dÃ¹i sang Ã, Nam HÃ n, Nhá»±t Bá»•n ráº±ng chÃ­nh cÃ¡c quá»‘c gia nÃ y Ä‘Ã£ trung chuyá»ƒn con virus corona VÅ© HÃ¡n qua Viá»‡t Nam chá»› khÃ´ng pháº£i tá»« TÃ u cá»™ng lÃ¢y sang vÃ¬ khi bÃªn TÃ u cá»™ng bÃ¹ng phÃ¡t dá»‹ch virus corona VÅ© HÃ¡n thÃ¬ bÃªn Viá»‡t Nam chá»‰ cÃ³ 16 ca nhiá»…m bá»‹nh vÃ  Ä‘Ã£ Ä‘Æ°á»£c chá»¯a lÃ nh dÃ¹ Viá»‡t cá»™ng khÃ´ng Ä‘Ã³ng cá»­a, cÃ¡ch ly vá»›i TÃ u cá»™ng.

Táº¥t cáº£ nhá»¯ng phÃ¡n Ä‘oÃ¡n trÃªn Ä‘á»u cÃ³ thá»ƒ Ä‘Ãºng vÃ¬ vá»›i cháº¿ Ä‘á»™ Ä‘á»™c tÃ i cá»™ng sáº£n thÃ¬ Ä‘iá»u gÃ¬ cÅ©ng ""cÃ³ thá»ƒ"" Ä‘Æ°á»£c cá»™ng sáº£n sá»­ dá»¥ng Ä‘á»ƒ mÆ°u lá»£i vá» kinh táº¿, chÃ¡nh trá»‹ vá»›i báº£n cháº¥t ""má»¥c Ä‘Ã­ch báº¥t cháº¥p thá»§ Ä‘oáº¡n"". Tuy nhiÃªn, trong tÃ¬nh huá»‘ng cÃ´ Nhung máº¯c dá»‹ch láº§n nÃ y thÃ¬ khÃ´ng hoÃ n toÃ n lÃ  tuá»“ng diá»…n cá»§a Viá»‡t cá»™ng ná»¯a mÃ  lÃ  sá»± báº¯t buá»™c pháº£i báº¡ch hÃ³a sá»± viá»‡c.

Bá»Ÿi vÃ¬ chuyá»‡n cÃ´ Nhung máº¯c dá»‹ch cÃºm TÃ u khÃ´ng cÃ²n lÃ  chuyá»‡n cá»§a ná»™i bá»™ Viá»‡t cá»™ng nÃªn cÃ³ thá»ƒ che giáº¥u Ä‘Æ°á»£c mÃ  lÃ  chuyá»‡n quá»‘c táº¿ Ä‘á»™ng trá»i. Chiáº¿u theo lá»‹ch trÃ¬nh cá»§a cÃ´ Nhung máº¯c dá»‹ch cÃºm TÃ u thÃ¬ cÃ³ sá»± trÃ¹ng há»£p láº¡ lÃ¹ng vá»›i lá»‹ch lÃ m viá»‡c cá»§a Nguyá»…n ChÃ­ DÅ©ng á»Ÿ Anh Quá»‘c. Cá»¥ thá»ƒ nhÆ° sau:

1. Theo tá»± báº¡ch cá»§a cÃ´ Nhung máº¯c dá»‹ch thÃ¬ ngÃ y 15/02 cÃ´ ta bay tá»« Ná»™i BÃ i qua LuÃ¢n ÄÃ´n thÄƒm chá»‹ gÃ¡i Nguyá»…n Há»“ng Nga rá»“i ngÃ y 18/02 hai chá»‹ em cÃ´ ta qua Ã du lá»‹ch tá»›i ngÃ y 20/02 quay láº¡i LuÃ¢n ÄÃ´n rá»“i ngÃ y 25/02 Ä‘i Paris Ä‘áº¿n ngÃ y 26/02 vá» láº¡i LuÃ¢n ÄÃ´n.

á» LuÃ¢n ÄÃ´n tá»›i ngÃ y 28/02 thÃ¬ cÃ´ Nhung khá»Ÿi phÃ¡t triá»‡u chá»©ng ho nhÆ°ng cÃ´ ta khÃ´ng Ä‘i khÃ¡m cÅ©ng khÃ´ng xÃ©t nghiá»‡m coronavirus VÅ© HÃ¡n mÃ  chá»‰ á»Ÿ nhÃ  vá»›i chá»‹ gÃ¡i Nguyá»…n Há»“ng Nga. Äiá»u nÃ y cho tháº¥y hai chá»‹ em cÃ´ ta Ä‘Ã£ máº¯c dá»‹ch cÃºm TÃ u khi cÃ²n á»Ÿ bÃªn LuÃ¢n ÄÃ´n mÃ  báº±ng chá»©ng lÃ  vÃ o ngÃ y 05/3 cÃ´ Nguyá»…n Há»“ng Nga Ä‘Ã£ bá»‹ dÆ°Æ¡ng tÃ­nh vÃ  bá»‹ cÃ¡ch ly bÃªn LuÃ¢n ÄÃ´n.

2. NgÃ y 26/02, Ä‘oÃ n cÃ¡n ngá»‘ do Nguyá»…n ChÃ­ DÅ©ng dáº«n Ä‘áº§u Ä‘Ã£ káº¿t thÃºc chÆ°Æ¡ng trÃ¬nh lÃ m viá»‡c vá»›i áº¤n Äá»™ vÃ  bay qua LuÃ¢n ÄÃ´n Ä‘á»ƒ tiáº¿p tá»¥c lÃ m viá»‡c vá»›i VÆ°Æ¡ng quá»‘c Anh tá»« ngÃ y 27/02 Ä‘áº¿n ngÃ y 01/3. Tá»©c trong lÃºc 02 chá»‹ em Nhung, Nga tá»« Paris vá» láº¡i LuÃ¢n ÄÃ´n thÃ¬ Ä‘oÃ n cÃ¡n ngá»‘ do Nguyá»…n ChÃ­ DÅ©ng dáº«n Ä‘áº§u cÅ©ng Ä‘ang trÃªn Ä‘Æ°á»ng bay tá»« áº¤n Äá»™ qua LuÃ¢n ÄÃ´n.

Äiá»u nÃ y cho tháº¥y cÃ³ má»™t sá»± sáº¯p xáº¿p giá»¯a Nguyá»…n ChÃ­ DÅ©ng vá»›i Nguyá»…n Há»“ng Nhung, Nguyá»…n Há»“ng Nga Ä‘á»ƒ ""cha con"" há»™i ngá»™ táº¡i LuÃ¢n ÄÃ´n trÆ°á»›c khi Nguyá»…n ChÃ­ DÅ©ng lÃ m viá»‡c vá»›i Ä‘áº¡i diá»‡n Anh Quá»‘c rá»“i sau Ä‘Ã³ Nguyá»…n Há»“ng Nhung sáº½ theo cha Nguyá»…n ChÃ­ DÅ©ng bay vá» Viá»‡t Nam trÃªn chuyáº¿n bay sá»‘ hiá»‡u VN-0054 cá»§a hÃ£ng Vietnam Airlines khá»Ÿi hÃ nh bÃªn LuÃ¢n ÄÃ´n vÃ o ngÃ y 01/3 vÃ  háº¡ cÃ¡nh á»Ÿ Ná»™i BÃ i lÃºc 4h30 sÃ¡ng ngÃ y 02/3. 

Táº¡i sao Nguyá»…n Há»“ng Nhung bá»‹ ho, sá»‘t tá»« ngÃ y 28/02 mÃ  cÃ´ ta khÃ´ng Ä‘i khÃ¡m bÃ¡c sÄ© ? Táº¡i vÃ¬ náº¿u cÃ´ Nhung Ä‘i khÃ¡m bÃ¡c sÄ© thÃ¬ cháº¯c cháº¯n cÃ´ ta sáº½ khÃ´ng Ä‘Æ°á»£c vá» cÃ¹ng chuyáº¿n bay vá»›i cha mÃ¬nh lÃ  Nguyá»…n ChÃ­ DÅ©ng theo lá»‹ch bay Ä‘Ã£ sáº¯p xáº¿p trÆ°á»›c lÃ  pháº£i bay vá» Viá»‡t Nam vÃ o ngÃ y 01/3.

Nguyá»…n ChÃ­ DÅ©ng cháº¯c cháº¯n biáº¿t con gÃ¡i mÃ¬nh bá»‹ sá»‘t, ho vÃ  biáº¿t cháº¯c cháº¯n lÃ  sáº½ bá»‹ nguy cÆ¡ nhiá»…m virus corona VÅ© HÃ¡n bá»Ÿi vÃ¬ thá»i Ä‘iá»ƒm 02 cÃ´ con gÃ¡i cá»§a háº¯n tá»›i Milan du lá»‹ch lÃ  thá»i Ä‘iá»ƒm nÆ°á»›c Ã Ä‘ang bá»‹ virus corona VÅ© HÃ¡n hoÃ nh hÃ nh. Tuy nhiÃªn vi Nguyá»…n ChÃ­ DÅ©ng Ä‘Ã£ tiáº¿p xÃºc vá»›i 02 cÃ´ con gÃ¡i nhiá»…m virus corona VÅ© HÃ¡n vÃ o ngÃ y 26/02 khi cha tá»« áº¤n Äá»™ bay qua vÃ  02 con tá»« Paris vá» láº¡i LuÃ¢n ÄÃ´n.

NgÃ y 28/02 cÃ´ Nhung vÃ  cÃ´ Nga Ä‘á»u bá»‹ ho, sá»‘t nhÆ°ng cáº£ 02 khÃ´ng dÃ¡m Ä‘i khÃ¡m bÃ¡c sÄ© theo lá»‹nh cá»§a cha Nguyá»…n ChÃ­ DÅ©ng vÃ¬ náº¿u 02 con Ä‘i khÃ¡m sáº½ bá»‹ lÃ²i ra máº¯c dá»‹ch vÃ  chÆ°Æ¡ng trÃ¬nh nghá»‹ sá»± giá»¯a phÃ¡i Ä‘oÃ n cá»§a Nguyá»…n ChÃ­ DÅ©ng vá»›i Anh Quá»‘c sáº½ bá»‹ Ä‘Ã¬nh hoÃ£n vÃ¬ Nguyá»…n ChÃ­ DÅ©ng vÃ  Ä‘á»“ng bá»n Ä‘Ã£ tiáº¿p xÃºc vá»›i 02 con bá»‹nh virus corona VÅ© HÃ¡n tá»« ngÃ y 26/02. 

KhÃ´ng Ä‘á»ƒ Ä‘áº¡i sá»± Anh - Viá»‡t mÃ  Nguyá»…n ChÃ­ DÅ©ng giá»¯ vai trÃ² trÆ°á»Ÿng Ä‘oÃ n bá»‹ phÃ­a Anh Ä‘Ã¬nh hoÃ£n cÅ©ng nhÆ° há» sáº½ cÃ¡ch ly cáº£ Ä‘oÃ n cÃ¡n ngá»‘ vÃ  02 cÃ´ gÃ¡i cÆ°ng nÃªn Nguyá»…n ChÃ­ DÅ©ng Ä‘Ã£ cá»‘ tÃ¬nh Ã©p 02 con giáº¥u bá»‹nh chá» há»p xong sáº½ tha con gÃ¡i Nhung vá» Viá»‡t Nam luÃ´n.

Vá» tá»›i Viá»‡t Nam, cha con Nguyá»…n ChÃ­ DÅ©ng váº«n tá» ra khÃ´ng cÃ³ bá»‹nh tÃ¬nh vÃ¬ náº¿u tá»± giÃ¡c Ä‘i xÃ©t nghiá»‡m, Ä‘i qua há»‡ thá»‘ng kiá»ƒm tra nhiá»‡t Ä‘á»™ cá»§a phi trÆ°á»ng thÃ¬ sáº½ lá»™ ra vÃ  sáº½ ráº¥t nguy hiá»ƒm tá»›i cÃ¡i gháº¿ bÃ´ trÆ°á»Ÿng bá»™ káº¿ hoáº¡ch vÃ  Ä‘áº§u tÆ° cÅ©ng nhÆ° cÃ¡i gháº¿ phÃ³ thá»§ tÆ°á»›ng cho Ä‘á»“ng hÆ°Æ¡ng xá»© Nghá»‡ TÄ©nh VÆ°Æ¡ng ÄÃ¬nh Huá»‡.

Bá»Ÿi vÃ¬ náº¿u lá»™ ra thÃ¬ phÃ­a Anh Quá»‘c vÃ  phÃ­a Má»¹ sáº½ khÃ´ng bá» qua tá»™i ""biáº¿t bá»‹nh mÃ  váº«n giáº¥u bá»‹nh"" Ä‘á»ƒ lÃ m viá»‡c vÃ  tiáº¿p xÃºc vá»›i quan chá»©c cá»§a há» táº¡i LuÃ¢n ÄÃ´n vÃ  táº¡i HÃ  Ná»™i. Äá»“ng thá»i hai cÃ´ con gÃ¡i rÆ°á»£u cá»§a Nguyá»…n ChÃ­ DÅ©ng cÅ©ng máº¯c pháº£i tá»™i gieo ráº¯c dá»‹ch cÃºm TÃ u ra cá»™ng Ä‘á»“ng. VÃ¬ váº­y buá»™c cha con Nguyá»…n ChÃ­ DÅ©ng pháº£i giáº¥u bá»‹nh cho tá»›i khi cÃ´ Nguyá»…n Há»“ng Nga á»Ÿ LuÃ¢n ÄÃ´n chá»‹u khÃ´ng ná»•i ná»¯a nÃªn Ä‘i khÃ¡m bÃ¡c sÄ© vÃ  bá»‹ dÆ°Æ¡ng tÃ­nh, cÃ¡ch ly vÃ o ngÃ y 05/02, sau Ä‘Ã³ cÃ´ ta gá»i Ä‘iá»‡n thoáº¡i vá» cho cha vÃ  em gÃ¡i á»Ÿ TrÃºc Báº¡ch, HÃ  Ná»™i pháº£i nháº­p viá»‡n. CÃ´ Nguyá»…n Há»“ng Nhung Ä‘Ã£ bá»‹ dÆ°Æ¡ng tÃ­nh tá»« Ä‘Ã¢y cÃ²n Nguyá»…n ChÃ­ DÅ©ng thÃ¬ Ã¢m tÃ­nh nhÆ°ng ""cÃ¡ch ly"" táº¡i gia.

ÄÃ¢y má»›i lÃ  má»™t ká»‹ch báº£n hoÃ n háº£o cá»§a cha con Nguyá»…n ChÃ­ DÅ©ng hÃ²ng cháº¡y tá»™i trÆ°á»›c Anh Quá»‘c vÃ  Má»¹. Bá»Ÿi vÃ¬ cha con Nguyá»…n ChÃ­ DÅ©ng Ä‘Ã£ cá»‘ tÃ¬nh giáº¥u bá»‹nh Ä‘á»ƒ tiáº¿p xÃºc vá»›i cÃ¡c phÃ¡i Ä‘oÃ n Anh Quá»‘c, Má»¹ lÃ  má»™t tá»™i lá»›n áº£nh hÆ°á»Ÿng tá»›i quan há»‡ cá»§a hai nÆ°á»›c. Giá» Ä‘Ã¢y thÃ¬ má»i chuyá»‡n Ä‘Ã£ bung bÃ©t ra vÃ¬ bÃªn Anh Quá»‘c há» Ä‘Ã£ sÆ°u tra lÃ²i ra Nguyá»…n Há»“ng Nhung tiáº¿p xÃºc vá»›i Nguyá»…n Há»“ng Nga vÃ  phÃ¡i Ä‘oÃ n cá»§a Nguyá»…n ChÃ­ DÅ©ng nÃªn Viá»‡t cá»™ng khÃ´ng Ä‘i che giáº¥u Ä‘Æ°á»£c sá»± tháº­t.

NhÆ°ng vÃ¬ Nguyá»…n Há»“ng Nga rÃ¡ng chá» tá»›i khi cha mÃ¬nh lÃ  Nguyá»…n ChÃ­ DÅ©ng lÃ m viá»‡c xong vá»›i phÃ¡i Ä‘oÃ n cá»§a Má»¹ lÃ  USABC á»Ÿ HÃ  Ná»™i vÃ o ngÃ y 04/3 thÃ¬ cÃ´ Nguyá»…n Há»“ng Nga má»›i Ä‘i xÃ©t nghiá»‡m virus corona VÅ© HÃ¡n vÃ  bá»‹ cÃ¡ch ly vÃ¬ káº¿t quáº£ dÆ°Æ¡ng tÃ­nh. Sau Ä‘Ã³ con gÃ¡i cá»§a Nguyá»…n ChÃ­ DÅ©ng vÃ  lÃ  em gÃ¡i cá»§a Nguyá»…n Há»“ng Nga má»›i Ä‘i nhÃ  thÆ°Æ¡ng Ä‘á»ƒ xÃ©t nghiá»‡m dÆ°Æ¡ng tÃ­nh vá»›i coronavirus VÅ© HÃ¡n vÃ  nhÃ  cáº§m quyá»n cá»™ng sáº£n má»›i hÃ´ hoÃ¡n, la lÃ ng rá»“i Nguyá»…n ChÃ­ DÅ©ng xÃ©t nghiá»‡m Ã¢m tÃ­nh vÃ  tá»± cÃ¡ch ly, Nguyá»…n Quang Thuáº¥n Ä‘i cÃ¹ng Nguyá»…n ChÃ­ DÅ©ng vÃ  Nguyá»…n Há»“ng Nga thÃ¬ dÆ°Æ¡ng tÃ­nh.

Váº­y lÃ  Nguyá»…n ChÃ­ DÅ©ng Ä‘Ã£ thoÃ¡t tá»™i ""giáº¥u bá»‹nh Ä‘á»ƒ gieo ráº¯c bá»‹nh"" mÃ  nguy cÆ¡ lÃ  phÃ¡i Ä‘oÃ n cá»§a Anh Quá»‘c vÃ  Má»¹ sáº½ bá»‹ lÃ¢y nhiá»…m tá»« phÃ¡i Ä‘oÃ n cá»§a Nguyá»…n ChÃ­ DÅ©ng lÃ  ráº¥t cao. Nguyá»…n ChÃ­ DÅ©ng thoÃ¡t tá»™i trÆ°á»›c Anh Quá»‘c, Má»¹ lÃ  vi háº¯n nÃ³i háº¯n khÃ´ng biáº¿t nÃªn váº«n tiáº¿p tá»¥c lÃ m viá»‡c vá»›i há», mÃ£i tá»›i ngÃ y 05/3 thÃ¬ má»›i biáº¿t vÃ¬ con gÃ¡i Nguyá»…n Há»“ng Nga bÃªn LuÃ¢n ÄÃ´n cho hay má»›i vá»«a Ä‘i xÃ©t nghiá»‡m vÃ  sau Ä‘Ã³ con gÃ¡i Nguyá»…n Há»“ng Nhung cÅ©ng bá»‹ tÆ°Æ¡ng tá»±, thá»i Ä‘iá»ƒm 02 con gÃ¡i xÃ©t nghiá»‡m sau ngÃ y mÃ  Nguyá»…n ChÃ­ DÅ©ng Ä‘Ã£ lÃ m viá»‡c vá»›i phÃ¡i Ä‘oÃ n USABC nÃªn khÃ´ng thá»ƒ báº¯t tá»™i Nguyá»…n ChÃ­ DÅ©ng Ä‘Æ°á»£c.

Káº¿t láº¡i, cha con Nguyá»…n ChÃ­ DÅ©ng - Nguyá»…n Há»“ng Nga - Nguyá»…n Há»“ng Nhung Ä‘Ã£ cá»‘ tÃ¬nh giáº¥u bá»‹nh vÃ  gieo ráº¯c dá»‹ch bá»‹nh cÃºm TÃ u ra cá»™ng Ä‘á»“ng. NhÆ°ng phÃ­a Anh Quá»‘c vÃ  Má»¹ khÃ´ng cÃ³ cÆ¡ sá»Ÿ káº¿t tá»™i Nguyá»…n ChÃ­ DÅ©ng Ä‘Æ°á»£c vÃ¬ viá»‡c 02 con gÃ¡i cá»§a háº¯n phÃ¡t hiá»‡n ra bá»‹nh cÃºm TÃ u sau thá»i Ä‘iá»ƒm Nguyá»…n ChÃ­ DÅ©ng Ä‘Ã£ há»p xong vá»›i há». Máº·c dÃ¹ tÃªn chá»§ tá»‹ch ViÃªn HÃ n lÃ¢m Nguyá»…n Quang Thuáº¥n Ä‘i cÃ¹ng Nguyá»…n ChÃ­ DÅ©ng vÃ  Nguyá»…n Há»“ng Nhung, lÃ¡i xe va giÃºp viá»‡c cho Nhung vÃ  má»™t sá»‘ ngÆ°á»i khÃ¡c Ä‘Ã£ bay cÃ¹ng chuyáº¿n vá»›i Nhung Ä‘Ã£ máº¯c dá»‹ch cÃºm TÃ u nhÆ°ng cháº¯c cháº¯n Nguyá»…n ChÃ­ DÅ©ng sáº½ luÃ´n cÃ³ káº¿t quáº£ Ã¢m tÃ­nh Ä‘á»ƒ giÃºp cho viá»‡c cháº¡y tá»™i cá»§a Nguyá»…n ChÃ­ DÅ©ng thÃªm thuáº­n lá»£i.

CÃ¡i tÃªn Nguyá»…n Kháº¯c ThÃ nh lÃ  má»™t cÃ¡ch cháº¡y tá»™i cá»§a dÃ²ng há» Nguyá»…n ChÃ­ DÅ©ng vÃ¬ cha vá»£ cá»§a DÅ©ng vÃ  lÃ  Ã´ng ngoáº¡i cá»§a Nguyá»…n Há»“ng Nga, Nguyá»…n Há»“ng Nhung lÃ  Nguyá»…n Máº¡nh Cáº§m, cá»±u phÃ³ thá»§ tÆ°á»›ng vÃ  bá»™ trÆ°á»Ÿng ngoáº¡i giao cá»§a Viá»‡t cá»™ng. Nguyá»…n Máº¡nh Cáº§m thá»±c cháº¥t lÃ  há» Nguyá»…n Kháº¯c á»Ÿ Nghá»‡ An, Nguyá»…n Kháº¯c ThÃ nh lÃ  cáº­u ruá»™t cá»§a Nguyá»…n Há»“ng Nhung vÃ  Nguyá»…n Há»“ng Nga, tÃªn cá»±u thá»© trÆ°á»Ÿng Bá»™ CÃ´ng thÆ°Æ¡ng lÃ  Nguyá»…n Cáº©m TÃº lÃ  anh ruá»™t cá»§a Nguyá»…n Kháº¯c ThÃ nh vÃ  cÅ©ng lÃ  cáº­u ruá»™t cá»§a Nguyá»…n Há»“ng Nhung. Viá»‡t cá»™ng báº¯n tin Nguyá»…n Há»“ng Nhung lÃ  con Nguyá»…n Kháº¯c ThÃ nh lÃ  má»¥c Ä‘Ã­ch cháº¡y tá»™i cho Nguyá»…n ChÃ­ DÅ©ng mÃ  thÃ´i vÃ¬ náº¿u bÃªn Anh Quá»‘c cÃ³ yÃªu cáº§u xÃ©t nghiá»‡m DNA thÃ¬ cáº­u Kháº¯c ThÃ nh.

Bá»Ÿi vÃ¬ trong xÃ©t nghiá»‡m DNA Ä‘á»ƒ xÃ¡c Ä‘á»‹nh huyáº¿t thá»‘ng thÃ¬ cÃ³ tÃ¬nh huá»‘ng xÃ©t nghiá»‡m theo dÃ²ng há» máº¹ vÃ¬ theo quy luáº­t di truyá»n, ngÆ°á»i máº¹ sáº½ di truyá»n DNA ty thá»ƒ cá»§a mÃ¬nh cho táº¥t cáº£ nhá»¯ng ngÆ°á»i con cáº£ nam vÃ  ná»¯, nhá»¯ng ngÆ°á»i con gÃ¡i cá»§a ngÆ°á»i máº¹ nÃ y tiáº¿p tá»¥c di truyá»n ADN ty thá»ƒ Ä‘Ã³ cho tháº¿ há»‡ sau. Do váº­y, nhá»¯ng ngÆ°á»i trong dÃ²ng há» cÃ³ chung má»™t nguá»“n gá»‘c bÃªn ngoáº¡i nhÆ° máº¹ chung, bÃ  ngoáº¡i chung, cá»¥ ngoáº¡i chung,... sáº½ cÃ³ há»‡ DNA ty thá»ƒ giá»‘ng nhau. ThÃªm ná»¯a, vÃ¬ Nguyá»…n ChÃ­ DÅ©ng lÃ  tÃªn tham quan vÃ´ Ä‘á»™, lÃ m dá»¯ nÃªn pháº£i lo xa. VÃ¬ váº­y cÃ³ kháº£ nÄƒng trÃªn giáº¥y tá» thÃ¬ Nguyá»…n ChÃ­ DÅ©ng khÃ´ng Ä‘á»©ng tÃªn cha cho con gÃ¡i Nguyá»…n Há»“ng Nga vÃ  Nguyá»…n Há»“ng Nhung mÃ  Ä‘á»ƒ cho cáº­u Nguyá»…n Kháº¯c ThÃ nh Ä‘á»©ng thay Ä‘á»ƒ dá»… bá» táº©u tÃ¡n tÃ i sáº£n mÃ  tÃªn DÅ©ng nÃ y Ä‘Ã£ cÆ°á»›p Ä‘Æ°á»£c tá»« dÃ¢n./.

Tran Hung."
2020-03-08T21:57:19+0000,https://www.facebook.com/groups/202967334122272/210541103364895,2,0,1,
2020-03-08T21:36:26+0000,https://www.facebook.com/groups/202967334122272/210532210032451,1,0,0,
2020-03-08T21:24:24+0000,https://www.facebook.com/groups/202967334122272/210487533370252,6,0,0,
2020-03-08T21:24:18+0000,https://www.facebook.com/groups/202967334122272/210488100036862,0,0,0,
